{"changepoint_prior_scale": 0.45630165790829486, "changepoint_range": 0.16656098641709344, "seasonality_mode": "additive", "seasonality_prior_scale": 9.144413372447056, "yearly_seasonality": 5, "holidays_prior_scale": 6.520734116879363}