{"changepoint_prior_scale": 0.2281684773467688, "changepoint_range": 0.8390400814170238, "seasonality_mode": "multiplicative", "seasonality_prior_scale": 9.141479366590275, "yearly_seasonality": 50, "holidays_prior_scale": 6.2569043864092855}