{"changepoint_prior_scale": 4.189301011299083, "changepoint_range": 0.10312118459682938, "seasonality_mode": "multiplicative", "seasonality_prior_scale": 7.2209732701284945, "yearly_seasonality": 42, "holidays_prior_scale": 2.5569434681286345}