{"changepoint_prior_scale": 1.3071633136486422, "changepoint_range": 0.7282201994076682, "seasonality_mode": "additive", "seasonality_prior_scale": 8.970621341570268, "yearly_seasonality": 21, "holidays_prior_scale": 9.419564583327075}