{"changepoint_prior_scale": 4.147328484104051, "changepoint_range": 0.7882402216345235, "seasonality_mode": "multiplicative", "seasonality_prior_scale": 9.824722639468447, "yearly_seasonality": 36, "holidays_prior_scale": 0.9812166971028883}