{"changepoint_prior_scale": 2.6524906110752653, "changepoint_range": 0.8335239897898797, "seasonality_mode": "multiplicative", "seasonality_prior_scale": 7.557742830329232, "yearly_seasonality": 49, "holidays_prior_scale": 6.282450461107201}