{"changepoint_prior_scale": 3.86721982397668, "changepoint_range": 0.5294995397395791, "seasonality_mode": "additive", "seasonality_prior_scale": 5.673547517069791, "yearly_seasonality": 44, "holidays_prior_scale": 0.6841403050941628}